{"cameraMode":{"drawMode":0,"name":"Shaded","section":"Shading Mode"},"sceneLighting":true,"audioPlay":false,"sceneViewState":{"m_AlwaysRefresh":false,"showFog":true,"showSkybox":true,"showFlares":true,"showImageEffects":true,"showParticleSystems":true,"showVisualEffectGraphs":true,"m_FxEnabled":true},"in2DMode":false,"pivot":{"x":-47.585758209228519,"y":1.3818778991699219,"z":-36.766265869140628},"rotation":{"x":0.001851176144555211,"y":0.9905821681022644,"z":-0.13788343966007234,"w":0.00874265655875206},"size":0.8343054056167603,"orthographic":true}