{"cameraMode":{"drawMode":0,"name":"Shaded","section":"Shading Mode"},"sceneLighting":true,"audioPlay":false,"sceneViewState":{"m_AlwaysRefresh":false,"showFog":true,"showSkybox":true,"showFlares":true,"showImageEffects":true,"showParticleSystems":true,"showVisualEffectGraphs":true,"m_FxEnabled":false},"in2DMode":false,"pivot":{"x":-11.198204040527344,"y":-5.7179460525512699,"z":-160.13531494140626},"rotation":{"x":0.01427436899393797,"y":0.9825626611709595,"z":-0.08301222324371338,"w":0.16710293292999268},"size":1.436142921447754,"orthographic":true}