{"cameraMode":{"drawMode":0,"name":"Shaded","section":"Shading Mode"},"sceneLighting":true,"audioPlay":false,"sceneViewState":{"m_AlwaysRefresh":false,"showFog":true,"showSkybox":true,"showFlares":true,"showImageEffects":true,"showParticleSystems":true,"showVisualEffectGraphs":true,"m_FxEnabled":true},"in2DMode":false,"pivot":{"x":-46.29600143432617,"y":1.9179999828338624,"z":-37.59299850463867},"rotation":{"x":0.07678072154521942,"y":-0.5161305069923401,"z":0.047347746789455417,"w":0.8519359827041626},"size":0.8660253882408142,"orthographic":true}