{"cameraMode":{"drawMode":0,"name":"Shaded","section":"Shading Mode"},"sceneLighting":true,"audioPlay":false,"sceneViewState":{"m_AlwaysRefresh":false,"showFog":true,"showSkybox":true,"showFlares":true,"showImageEffects":true,"showParticleSystems":true,"showVisualEffectGraphs":true,"m_FxEnabled":true},"in2DMode":false,"pivot":{"x":-41.41999816894531,"y":3.9800000190734865,"z":-115.37999725341797},"rotation":{"x":-0.061659738421440127,"y":0.05537770688533783,"z":-0.0038870361167937519,"w":-0.9966729283332825},"size":2.8284270763397219,"orthographic":false}