{"cameraMode":{"drawMode":0,"name":"Shaded","section":"Shading Mode"},"sceneLighting":true,"audioPlay":false,"sceneViewState":{"m_AlwaysRefresh":false,"showFog":true,"showSkybox":true,"showFlares":true,"showImageEffects":true,"showParticleSystems":true,"showVisualEffectGraphs":true,"m_FxEnabled":true},"in2DMode":false,"pivot":{"x":-47.676307678222659,"y":1.7657347917556763,"z":-37.292598724365237},"rotation":{"x":-0.03828809782862663,"y":0.9616158604621887,"z":-0.19176925718784333,"w":-0.192814901471138},"size":0.2660253643989563,"orthographic":false}